1005128771,3BE90C43148B3E79617FD5CD,11000,testing471@tiket.com,1006428478,event
1005128822,3BE90C76B512B69617FD633,11000,testing1193@tiket.com,1006428558,event
1005128825,3BE90C7917B01AAC617FD636,11000,testing2830@tiket.com,1006428562,event
1005128827,3BE90C7B715D3F6617FD638,11000,testing1526@tiket.com,1006428564,event
1005128828,3BE90C7C2278138F617FD63A,11000,testing2902@tiket.com,1006428565,event
1005128829,3BE90C7D2ED9A25D617FD63C,11000,testing840@tiket.com,1006428566,event
1005128830,3BE90C7E2EE66D8A617FD63D,11000,testing258@tiket.com,1006428567,event
1005128832,3BE90C80DDFC9BA617FD63F,11000,testing34@tiket.com,1006428569,event
1005128834,3BE90C8215FB942B617FD641,11000,testing2730@tiket.com,1006428572,event
1005128835,3BE90C8337F74057617FD642,11000,testing1825@tiket.com,1006428573,event
1005128836,3BE90C84210E8FFA617FD643,11000,testing2740@tiket.com,1006428574,event
1005128838,3BE90C8620BD2F2D617FD644,11000,testing2021@tiket.com,1006428576,event
1005128839,3BE90C87F45A2C617FD645,11000,testing437@tiket.com,1006428577,event
1005128840,3BE90C881C1E709F617FD646,11000,testing2234@tiket.com,1006428578,event
1005128842,3BE90C8A13987218617FD647,11000,testing2904@tiket.com,1006428581,event
1005128843,3BE90C8B2B799B18617FD649,11000,testing1902@tiket.com,1006428582,event
1005128845,3BE90C8D1E15E508617FD64A,11000,testing584@tiket.com,1006428584,event
1005128846,3BE90C8E2434186E617FD64B,11000,testing1893@tiket.com,1006428585,event
1005128847,3BE90C8F1DDB59FA617FD64D,11000,testing433@tiket.com,1006428586,event
1005128848,3BE90C90D7017C8617FD64D,11000,testing1756@tiket.com,1006428587,event
1005128850,3BE90C92351BF1A4617FD64E,11000,testing2342@tiket.com,1006428589,event
1005128851,3BE90C933BC7093617FD64F,11000,testing2293@tiket.com,1006428590,event
1005128852,3BE90C94FDA1BE1617FD650,11000,testing2800@tiket.com,1006428591,event
1005128854,3BE90C9695BB163617FD651,11000,testing383@tiket.com,1006428593,event
1005128855,3BE90C973A226AB3617FD651,11000,testing2655@tiket.com,1006428594,event
1005128856,3BE90C988632E2B617FD652,11000,testing2186@tiket.com,1006428595,event
1005128858,3BE90C9A23D8F632617FD653,11000,testing1444@tiket.com,1006428598,event
1005128859,3BE90C9B2BEE2C19617FD653,11000,testing1064@tiket.com,1006428599,event
1005128860,3BE90C9C2372F26E617FD654,11000,testing2@tiket.com,1006428600,event
1005128861,3BE90C9D36A10AE1617FD655,11000,testing1392@tiket.com,1006428601,event
1005128863,3BE90C9F15EBA637617FD656,11000,testing656@tiket.com,1006428603,event
1005128866,3BE90CA2D3B15B4617FD656,11000,testing392@tiket.com,1006428607,event
1005128868,3BE90CA42539D1CB617FD657,11000,testing757@tiket.com,1006428610,event
1005128870,3BE90CA63C0860F617FD658,11000,testing761@tiket.com,1006428612,event
1005128872,3BE90CA81BDF0C6D617FD658,11000,testing153@tiket.com,1006428614,event
1005128876,3BE90CAC33E6DADE617FD65A,11000,testing183@tiket.com,1006428620,event
1005128877,3BE90CAD2CC406B4617FD65B,11000,testing1687@tiket.com,1006428621,event
1005128878,3BE90CAE1FDEB314617FD65B,11000,testing1944@tiket.com,1006428622,event
1005128880,3BE90CB0283B19C2617FD65B,11000,testing639@tiket.com,1006428625,event
1005128881,3BE90CB13884E5B2617FD65C,11000,testing1422@tiket.com,1006428626,event
1005128883,3BE90CB38A7D12617FD65D,11000,testing1884@tiket.com,1006428629,event
1005128884,3BE90CB42CB186D2617FD65D,11000,testing153@tiket.com,1006428630,event
1005128886,3BE90CB6139B721C617FD65E,11000,testing1624@tiket.com,1006428633,event
1005128888,3BE90CB8EF9E69617FD65F,11000,testing674@tiket.com,1006428635,event
1005128889,3BE90CB9BFD721D617FD660,11000,testing2284@tiket.com,1006428636,event
1005128890,3BE90CBA298B07F1617FD660,11000,testing1547@tiket.com,1006428637,event
1005128891,3BE90CBB2B29E5BD617FD660,11000,testing645@tiket.com,1006428638,event
1005128892,3BE90CBC1A9604BB617FD661,11000,testing2067@tiket.com,1006428639,event
1005128894,3BE90CBE2E01703B617FD661,11000,testing1100@tiket.com,1006428641,event
1005128895,3BE90CBF2BF0E847617FD662,11000,testing2762@tiket.com,1006428642,event
1005128896,3BE90CC0234029F7617FD662,11000,testing2079@tiket.com,1006428643,event
1005128897,3BE90CC11E500E6F617FD663,11000,testing72@tiket.com,1006428644,event
1005128898,3BE90CC218651A0A617FD663,11000,testing2136@tiket.com,1006428645,event
1005128899,3BE90CC31BA01A4E617FD664,11000,testing2271@tiket.com,1006428646,event
1005128900,3BE90CC4E5C1AD5617FD664,11000,testing1487@tiket.com,1006428647,event
1005128902,3BE90CC61BFA6FFB617FD665,11000,testing633@tiket.com,1006428649,event
1005128904,3BE90CC82E21DE0D617FD665,11000,testing1314@tiket.com,1006428652,event
1005128906,3BE90CCA2641A7F617FD666,11000,testing900@tiket.com,1006428654,event
1005128907,3BE90CCB34AB7EC5617FD666,11000,testing812@tiket.com,1006428655,event
1005128908,3BE90CCC8FA26A7617FD667,11000,testing10@tiket.com,1006428656,event
1005128909,3BE90CCDAB4B040617FD668,11000,testing1544@tiket.com,1006428657,event
1005128911,3BE90CCF592EA617FD668,11000,testing2839@tiket.com,1006428660,event
1005128912,3BE90CD021CC6984617FD668,11000,testing1902@tiket.com,1006428661,event
1005128913,3BE90CD1314B71C8617FD669,11000,testing2430@tiket.com,1006428662,event
1005128914,3BE90CD22337CBBD617FD669,11000,testing1646@tiket.com,1006428663,event
1005128915,3BE90CD3380F5EA6617FD66A,11000,testing376@tiket.com,1006428664,event
1005128917,3BE90CD5AC6316B617FD66B,11000,testing1275@tiket.com,1006428667,event
1005128918,3BE90CD6233970F6617FD66B,11000,testing2047@tiket.com,1006428668,event
1005128920,3BE90CD833116A0A617FD66B,11000,testing145@tiket.com,1006428671,event
1005128921,3BE90CD92A5496D3617FD66C,11000,testing1200@tiket.com,1006428672,event
1005128924,3BE90CDC15302616617FD66C,11000,testing114@tiket.com,1006428675,event
1005128926,3BE90CDE24722D55617FD66D,11000,testing159@tiket.com,1006428678,event
1005128927,3BE90CDF1CC12942617FD66D,11000,testing1749@tiket.com,1006428679,event
1005128928,3BE90CE0187C5290617FD66E,11000,testing2774@tiket.com,1006428680,event
1005128930,3BE90CE225CDB46F617FD66E,11000,testing910@tiket.com,1006428682,event
1005128931,3BE90CE31CF6E397617FD66F,11000,testing1509@tiket.com,1006428683,event
1005128932,3BE90CE4155DD745617FD66F,11000,testing2492@tiket.com,1006428684,event
1005128933,3BE90CE5FC76EB9617FD670,11000,testing194@tiket.com,1006428685,event
1005128935,3BE90CE72943EB1F617FD671,11000,testing2240@tiket.com,1006428688,event
1005128937,3BE90CE92DFD60B2617FD671,11000,testing2329@tiket.com,1006428690,event
1005128939,3BE90CEB22BB2708617FD672,11000,testing2036@tiket.com,1006428693,event
1005128940,3BE90CEC18023BCB617FD672,11000,testing2488@tiket.com,1006428694,event
1005128941,3BE90CED3BC36205617FD673,11000,testing505@tiket.com,1006428695,event
1005128942,3BE90CEE1A2E7642617FD673,11000,testing1100@tiket.com,1006428696,event
1005128943,3BE90CEF2A85B07C617FD674,11000,testing1588@tiket.com,1006428697,event
1005128944,3BE90CF01B2E4A05617FD674,11000,testing1625@tiket.com,1006428698,event
1005128946,3BE90CF22956D5A6617FD674,11000,testing2670@tiket.com,1006428701,event
1005128947,3BE90CF3217B32B2617FD675,11000,testing1747@tiket.com,1006428702,event
1005128948,3BE90CF41C3EF506617FD675,11000,testing1359@tiket.com,1006428703,event
1005128949,3BE90CF53157D91D617FD676,11000,testing2790@tiket.com,1006428704,event
1005128950,3BE90CF6215E66C8617FD677,11000,testing1160@tiket.com,1006428705,event
1005128951,3BE90CF7583C73C617FD677,11000,testing2285@tiket.com,1006428706,event
1005128952,3BE90CF83A872AE7617FD677,11000,testing687@tiket.com,1006428707,event
1005128953,3BE90CF931633ED7617FD678,11000,testing1307@tiket.com,1006428708,event
1005128954,3BE90CFA299F4C8E617FD678,11000,testing1942@tiket.com,1006428709,event
1005128955,3BE90CFB233EF519617FD679,11000,testing945@tiket.com,1006428710,event
1005128956,3BE90CFC1CD0EE1A617FD679,11000,testing2304@tiket.com,1006428711,event
1005128957,3BE90CFD13F8B510617FD67A,11000,testing431@tiket.com,1006428712,event
1005128958,3BE90CFED1C4B8F617FD67A,11000,testing1603@tiket.com,1006428713,event
1005128959,3BE90CFF11FD3559617FD67B,11000,testing865@tiket.com,1006428714,event
1005128960,3BE90D002A1BD1C617FD67C,11000,testing1075@tiket.com,1006428715,event
1005128962,3BE90D02E89680C617FD67C,11000,testing2920@tiket.com,1006428717,event
1005128963,3BE90D036AD3A97617FD67C,11000,testing2117@tiket.com,1006428718,event
1005128964,3BE90D045D8974617FD67D,11000,testing1888@tiket.com,1006428719,event
1005128965,3BE90D0533A5D763617FD67D,11000,testing561@tiket.com,1006428720,event
1005128966,3BE90D062C436823617FD67E,11000,testing1928@tiket.com,1006428721,event
1005128967,3BE90D072A5BC0E5617FD67F,11000,testing811@tiket.com,1006428722,event
1005128968,3BE90D081DD6C111617FD67F,11000,testing88@tiket.com,1006428723,event
1005128969,3BE90D0922A6CF29617FD680,11000,testing787@tiket.com,1006428724,event
1005128970,3BE90D0AFCB24DF617FD680,11000,testing2084@tiket.com,1006428725,event
1005128971,3BE90D0B8367BF4617FD680,11000,testing603@tiket.com,1006428726,event
1005128972,3BE90D0C129D8AB617FD681,11000,testing2535@tiket.com,1006428727,event
1005128974,3BE90D0E101393AF617FD681,11000,testing1575@tiket.com,1006428729,event
1005128975,3BE90D0F9C59054617FD682,11000,testing1046@tiket.com,1006428730,event
1005128976,3BE90D102724187617FD682,11000,testing1103@tiket.com,1006428731,event
1005128977,3BE90D11370D20F2617FD683,11000,testing818@tiket.com,1006428732,event
1005128979,3BE90D139423F90617FD683,11000,testing679@tiket.com,1006428735,event
1005128981,3BE90D1519C6EF86617FD684,11000,testing1252@tiket.com,1006428738,event
1005128982,3BE90D161367813A617FD684,11000,testing2998@tiket.com,1006428739,event
1005128985,3BE90D1920181610617FD686,11000,testing1712@tiket.com,1006428744,event
1005128987,3BE90D1B2A1FD2E4617FD686,11000,testing378@tiket.com,1006428746,event
1005128988,3BE90D1C7D605D3617FD686,11000,testing1183@tiket.com,1006428747,event
1005128990,3BE90D1E24D81FC2617FD687,11000,testing2928@tiket.com,1006428749,event
1005128991,3BE90D1F1CF0448B617FD687,11000,testing1551@tiket.com,1006428750,event
1005128992,3BE90D20641477E617FD687,11000,testing689@tiket.com,1006428751,event
1005128993,3BE90D213B6B2D3D617FD688,11000,testing2045@tiket.com,1006428752,event
1005128995,3BE90D2313A53162617FD689,11000,testing2799@tiket.com,1006428755,event
1005128996,3BE90D246D1265B617FD689,11000,testing289@tiket.com,1006428756,event
1005128997,3BE90D2523E054B617FD689,11000,testing1384@tiket.com,1006428757,event
1005128998,3BE90D261D94B03617FD68A,11000,testing552@tiket.com,1006428758,event
1005129000,3BE90D28A04A203617FD68A,11000,testing2176@tiket.com,1006428761,event
1005129001,3BE90D29DB9462A617FD68B,11000,testing971@tiket.com,1006428762,event
1005129002,3BE90D2A172FA306617FD68C,11000,testing2250@tiket.com,1006428763,event
1005129003,3BE90D2B39FB5F74617FD68C,11000,testing2470@tiket.com,1006428764,event
1005129004,3BE90D2C29831B26617FD68D,11000,testing720@tiket.com,1006428765,event
1005129005,3BE90D2D1FB56F7E617FD68D,11000,testing737@tiket.com,1006428766,event
1005129006,3BE90D2E18195F80617FD68D,11000,testing347@tiket.com,1006428767,event
1005129007,3BE90D2F1361716E617FD68E,11000,testing1083@tiket.com,1006428768,event
1005129009,3BE90D313166C0CE617FD68F,11000,testing414@tiket.com,1006428771,event
1005129010,3BE90D3228442394617FD68F,11000,testing2441@tiket.com,1006428772,event
1005129011,3BE90D3310E7CA28617FD68F,11000,testing2299@tiket.com,1006428773,event
1005129012,3BE90D34A7A6425617FD690,11000,testing1283@tiket.com,1006428774,event
1005129014,3BE90D3638EDB28B617FD691,11000,testing155@tiket.com,1006428776,event
1005129013,3BE90D3532DBFAF617FD690,11000,testing2672@tiket.com,1006428775,event
1005129015,3BE90D37397C57F7617FD692,11000,testing392@tiket.com,1006428777,event
1005129016,3BE90D38293EFC3F617FD692,11000,testing223@tiket.com,1006428778,event
1005129017,3BE90D39226B816E617FD692,11000,testing1055@tiket.com,1006428779,event
1005129018,3BE90D3A1AD1F101617FD693,11000,testing1632@tiket.com,1006428780,event
1005129019,3BE90D3B14D500AB617FD693,11000,testing1552@tiket.com,1006428781,event
1005129020,3BE90D3C2303379D617FD694,11000,testing2048@tiket.com,1006428782,event
1005129021,3BE90D3D17A95F71617FD695,11000,testing135@tiket.com,1006428783,event
1005129022,3BE90D3E395E6DCE617FD695,11000,testing1899@tiket.com,1006428784,event
1005129024,3BE90D402F5D227B617FD696,11000,testing415@tiket.com,1006428786,event
1005129023,3BE90D3F171E4333617FD696,11000,testing2019@tiket.com,1006428785,event
1005129025,3BE90D4127E2CB1C617FD697,11000,testing1935@tiket.com,1006428787,event
1005129026,3BE90D421C80DE50617FD697,11000,testing2272@tiket.com,1006428788,event
1005129027,3BE90D4315F35E15617FD697,11000,testing2141@tiket.com,1006428789,event
1005129028,3BE90D44DD33B3F617FD698,11000,testing752@tiket.com,1006428790,event
1005129029,3BE90D458F9AEB3617FD698,11000,testing2133@tiket.com,1006428791,event
1005129031,3BE90D4718212012617FD699,11000,testing2656@tiket.com,1006428794,event
1005129032,3BE90D48F924D9617FD699,11000,testing2285@tiket.com,1006428795,event
1005129035,3BE90D4B37C14A5A617FD69A,11000,testing1354@tiket.com,1006428800,event
1005129036,3BE90D4C2DA01D09617FD69A,11000,testing559@tiket.com,1006428801,event
1005129038,3BE90D4E11702150617FD69B,11000,testing623@tiket.com,1006428804,event
1005129039,3BE90D4F35CF2DCC617FD69B,11000,testing87@tiket.com,1006428805,event
1005129040,3BE90D5030BE0A23617FD69C,11000,testing1166@tiket.com,1006428806,event
1005129042,3BE90D52121CFAE6617FD69D,11000,testing2401@tiket.com,1006428809,event
1005129043,3BE90D5336A4F90C617FD69D,11000,testing1514@tiket.com,1006428810,event
1005129046,3BE90D563E14475617FD69E,11000,testing2273@tiket.com,1006428815,event
1005129047,3BE90D5725AE5AC7617FD69E,11000,testing1086@tiket.com,1006428816,event
1005129048,3BE90D58144B8752617FD69E,11000,testing36@tiket.com,1006428817,event
1005129049,3BE90D59C361FC4617FD69F,11000,testing2207@tiket.com,1006428818,event
1005129050,3BE90D5A768645B617FD6A0,11000,testing938@tiket.com,1006428819,event
1005129051,3BE90D5B39B18502617FD6A0,11000,testing2179@tiket.com,1006428820,event
1005129052,3BE90D5C2404AB6A617FD6A0,11000,testing1825@tiket.com,1006428821,event
1005129054,3BE90D5E6306CA0617FD6A1,11000,testing2416@tiket.com,1006428824,event
1005129055,3BE90D5F642F6B8617FD6A2,11000,testing2868@tiket.com,1006428825,event
1005129056,3BE90D602235B72617FD6A2,11000,testing279@tiket.com,1006428826,event
1005129057,3BE90D612BBCB9E0617FD6A2,11000,testing2654@tiket.com,1006428827,event
1005129059,3BE90D63107120C617FD6A3,11000,testing1334@tiket.com,1006428830,event
1005129060,3BE90D6437E5820C617FD6A4,11000,testing1225@tiket.com,1006428831,event
1005129061,3BE90D652E199E30617FD6A4,11000,testing1156@tiket.com,1006428832,event
1005129063,3BE90D672254C629617FD6A5,11000,testing2387@tiket.com,1006428834,event
1005129062,3BE90D6691DF02F617FD6A5,11000,testing1586@tiket.com,1006428833,event
1005129064,3BE90D6816CBD3FF617FD6A5,11000,testing2984@tiket.com,1006428835,event
1005129065,3BE90D69111B37FD617FD6A6,11000,testing2128@tiket.com,1006428836,event
1005129066,3BE90D6A949191F617FD6A6,11000,testing1370@tiket.com,1006428837,event
1005129067,3BE90D6B2E6F77D1617FD6A7,11000,testing2048@tiket.com,1006428838,event
1005129069,3BE90D6D19AF9476617FD6A8,11000,testing2181@tiket.com,1006428841,event
1005129070,3BE90D6E8FCEE30617FD6A8,11000,testing2629@tiket.com,1006428842,event
1005129071,3BE90D6F36A19DD617FD6A8,11000,testing1381@tiket.com,1006428843,event
1005129072,3BE90D70A223493617FD6A9,11000,testing2989@tiket.com,1006428844,event
1005129073,3BE90D712F3F7D6C617FD6A9,11000,testing2690@tiket.com,1006428845,event
1005129075,3BE90D731DA8C8A617FD6AA,11000,testing1738@tiket.com,1006428848,event
1005129076,3BE90D742CEB367617FD6AB,11000,testing1106@tiket.com,1006428849,event
1005129077,3BE90D7531453BCB617FD6AB,11000,testing952@tiket.com,1006428850,event
1005129078,3BE90D7629A7BEB1617FD6AB,11000,testing857@tiket.com,1006428851,event
1005129079,3BE90D77201213C7617FD6AC,11000,testing298@tiket.com,1006428852,event
1005129080,3BE90D783208DA3A617FD6AD,11000,testing1398@tiket.com,1006428853,event
1005129081,3BE90D791CD97031617FD6AD,11000,testing806@tiket.com,1006428854,event
1005129082,3BE90D7A24914E22617FD6AE,11000,testing1798@tiket.com,1006428855,event
1005129083,3BE90D7B43D56C7617FD6AE,11000,testing1808@tiket.com,1006428856,event
1005129085,3BE90D7D13F47E51617FD6AE,11000,testing730@tiket.com,1006428859,event
1005129086,3BE90D7E2A5BCD1E617FD6AF,11000,testing2516@tiket.com,1006428860,event
1005129087,3BE90D7F1022C4B3617FD6B0,11000,testing1013@tiket.com,1006428861,event
1005129088,3BE90D804B028CB617FD6B0,11000,testing1186@tiket.com,1006428862,event
1005129090,3BE90D82D81F8E8617FD6B0,11000,testing150@tiket.com,1006428864,event
1005129091,3BE90D831623CAD4617FD6B1,11000,testing2779@tiket.com,1006428865,event
1005129092,3BE90D843C445C3617FD6B2,11000,testing2518@tiket.com,1006428866,event
1005129093,3BE90D85368AAF50617FD6B2,11000,testing1021@tiket.com,1006428867,event
1005129094,3BE90D862A8F3544617FD6B2,11000,testing829@tiket.com,1006428868,event
1005129096,3BE90D8811DCBBB617FD6B3,11000,testing846@tiket.com,1006428871,event
1005129097,3BE90D89341C3046617FD6B3,11000,testing597@tiket.com,1006428872,event
1005129098,3BE90D8A2EA97825617FD6B4,11000,testing586@tiket.com,1006428873,event
1005129099,3BE90D8B25539249617FD6B4,11000,testing1937@tiket.com,1006428874,event
1005129100,3BE90D8C200E66BE617FD6B5,11000,testing1241@tiket.com,1006428875,event
1005129101,3BE90D8D180EA655617FD6B5,11000,testing2780@tiket.com,1006428876,event
1005129103,3BE90D8F9080E0F617FD6B6,11000,testing1340@tiket.com,1006428878,event
1005129102,3BE90D8E10B77657617FD6B6,11000,testing2114@tiket.com,1006428877,event
1005129106,3BE90D9230093360617FD6B7,11000,testing2478@tiket.com,1006428883,event
1005129108,3BE90D942E006D1617FD6B7,11000,testing1882@tiket.com,1006428887,event
1005129109,3BE90D9539F4D353617FD6B8,11000,testing1399@tiket.com,1006428888,event
1005129110,3BE90D9631AD936A617FD6B8,11000,testing703@tiket.com,1006428889,event
1005129112,3BE90D981244D8AF617FD6B9,11000,testing180@tiket.com,1006428891,event
1005129113,3BE90D99387946B1617FD6B9,11000,testing1217@tiket.com,1006428892,event
1005129114,3BE90D9A8B7DA6617FD6BA,11000,testing1442@tiket.com,1006428893,event
1005129115,3BE90D9B35FF0267617FD6BB,11000,testing746@tiket.com,1006428894,event
1005129117,3BE90D9D37D7A12B617FD6BB,11000,testing1649@tiket.com,1006428897,event
1005129118,3BE90D9E355FE989617FD6BC,11000,testing530@tiket.com,1006428898,event
1005129119,3BE90D9F38D17262617FD6BC,11000,testing1385@tiket.com,1006428899,event
1005129120,3BE90DA022CB8E09617FD6BC,11000,testing120@tiket.com,1006428900,event
1005129121,3BE90DA1E82822C617FD6BD,11000,testing730@tiket.com,1006428901,event
1005129122,3BE90DA2143A6D5E617FD6BD,11000,testing2995@tiket.com,1006428902,event
1005129123,3BE90DA32C6EC9DB617FD6BE,11000,testing2861@tiket.com,1006428903,event
1005129124,3BE90DA411C53602617FD6BF,11000,testing386@tiket.com,1006428904,event
1005129125,3BE90DA51DD8FFB617FD6BF,11000,testing2298@tiket.com,1006428905,event
1005129127,3BE90DA723111EF2617FD6C0,11000,testing1503@tiket.com,1006428908,event
1005129128,3BE90DA8BBE8E4F617FD6C0,11000,testing977@tiket.com,1006428909,event
1005129130,3BE90DAA1B9CC3FB617FD6C1,11000,testing2951@tiket.com,1006428912,event
1005129131,3BE90DAB272952F4617FD6C1,11000,testing2355@tiket.com,1006428913,event
1005129132,3BE90DACED56CB3617FD6C2,11000,testing1257@tiket.com,1006428914,event
1005129133,3BE90DAD183462C617FD6C3,11000,testing2274@tiket.com,1006428915,event
1005129134,3BE90DAE2CE5BDE4617FD6C3,11000,testing1909@tiket.com,1006428916,event
1005129136,3BE90DB0297C735C617FD6C4,11000,testing2787@tiket.com,1006428918,event
1005129137,3BE90DB120D0F322617FD6C4,11000,testing2315@tiket.com,1006428919,event
1005129138,3BE90DB21B55E38B617FD6C5,11000,testing2071@tiket.com,1006428920,event
1005129139,3BE90DB31242BA29617FD6C5,11000,testing1037@tiket.com,1006428921,event
1005129140,3BE90DB4B6E3471617FD6C5,11000,testing2017@tiket.com,1006428922,event
1005129143,3BE90DB711FBDFF9617FD6C6,11000,testing898@tiket.com,1006428925,event
1005129142,3BE90DB619A3A719617FD6C6,11000,testing1022@tiket.com,1006428924,event
1005129144,3BE90DB8CAC1989617FD6C7,11000,testing309@tiket.com,1006428926,event
1005129145,3BE90DB930D96B78617FD6C7,11000,testing2478@tiket.com,1006428927,event
1005129146,3BE90DBA3864AC20617FD6C8,11000,testing253@tiket.com,1006428928,event
1005129147,3BE90DBB336664A9617FD6C9,11000,testing2214@tiket.com,1006428929,event
1005129149,3BE90DBD23299F28617FD6C9,11000,testing1077@tiket.com,1006428931,event
1005129150,3BE90DBE38A577A617FD6CA,11000,testing2625@tiket.com,1006428932,event
1005129151,3BE90DBF3223CB99617FD6CA,11000,testing1804@tiket.com,1006428933,event
1005129152,3BE90DC02C52AB32617FD6CA,11000,testing2309@tiket.com,1006428934,event
1005129154,3BE90DC239CA307C617FD6CB,11000,testing429@tiket.com,1006428935,event
1005129156,3BE90DC4E15E21A617FD6CB,11000,testing960@tiket.com,1006428938,event
1005129159,3BE90DC78D2AC7617FD6CC,11000,testing577@tiket.com,1006428942,event
1005129160,3BE90DC82BE6FA92617FD6CC,11000,testing2418@tiket.com,1006428943,event
1005129161,3BE90DC9259F3310617FD6CD,11000,testing99@tiket.com,1006428944,event
1005129162,3BE90DCA1DD3E357617FD6CD,11000,testing2922@tiket.com,1006428945,event
1005129163,3BE90DCB16F8C5E6617FD6CE,11000,testing2810@tiket.com,1006428946,event
1005129165,3BE90DCD26FDCBFC617FD6CE,11000,testing2399@tiket.com,1006428949,event
1005129166,3BE90DCE21319024617FD6CF,11000,testing1078@tiket.com,1006428950,event
1005129167,3BE90DCF1D8DDBFC617FD6D0,11000,testing1844@tiket.com,1006428951,event
1005129168,3BE90DD013F369DD617FD6D0,11000,testing1087@tiket.com,1006428952,event
1005129169,3BE90DD18D9F24F617FD6D0,11000,testing891@tiket.com,1006428953,event
1005129170,3BE90DD234ADDF85617FD6D1,11000,testing1340@tiket.com,1006428954,event
1005129171,3BE90DD3F612F95617FD6D3,11000,testing749@tiket.com,1006428955,event
1005129172,3BE90DD428AB5042617FD6D3,11000,testing886@tiket.com,1006428956,event
1005129173,3BE90DD54821F54617FD6D3,11000,testing2308@tiket.com,1006428957,event
1005129174,3BE90DD62844F44C617FD6D3,11000,testing2947@tiket.com,1006428958,event
1005129177,3BE90DD9E3F2F03617FD6D5,11000,testing2107@tiket.com,1006428963,event
1005129178,3BE90DDA2691A47F617FD6D5,11000,testing1802@tiket.com,1006428964,event
1005129179,3BE90DDB1F3D9E6C617FD6D5,11000,testing1648@tiket.com,1006428965,event
1005129182,3BE90DDE4EAC4BC617FD6D5,11000,testing2899@tiket.com,1006428970,event
1005129183,3BE90DDF15759CD617FD6D6,11000,testing2391@tiket.com,1006428971,event
1005129186,3BE90DE251A196B617FD6D7,11000,testing1373@tiket.com,1006428976,event
1005129187,3BE90DE31FA565B9617FD6D7,11000,testing2311@tiket.com,1006428977,event
1005129189,3BE90DE52C59E4D2617FD6D7,11000,testing1631@tiket.com,1006428979,event
1005129190,3BE90DE62526B23D617FD6D8,11000,testing560@tiket.com,1006428980,event
1005129191,3BE90DE7292E2CDE617FD6D9,11000,testing199@tiket.com,1006428981,event
1005129192,3BE90DE816736668617FD6D9,11000,testing1853@tiket.com,1006428982,event
1005129193,3BE90DE910420A28617FD6D9,11000,testing901@tiket.com,1006428983,event
1005129194,3BE90DEA15C8A44A617FD6DA,11000,testing2610@tiket.com,1006428984,event
1005129197,3BE90DED31B10D18617FD6DB,11000,testing1496@tiket.com,1006428988,event
1005129199,3BE90DEF5FB0B7D617FD6DB,11000,testing2855@tiket.com,1006428990,event
1005129200,3BE90DF0285E8E7D617FD6DB,11000,testing1373@tiket.com,1006428991,event
1005129201,3BE90DF13153E8AC617FD6DC,11000,testing1249@tiket.com,1006428992,event
1005129202,3BE90DF21AFA43A2617FD6DC,11000,testing1942@tiket.com,1006428993,event
1005129203,3BE90DF320C13EBC617FD6DD,11000,testing1426@tiket.com,1006428994,event
1005129204,3BE90DF41DDBBAB2617FD6DE,11000,testing2796@tiket.com,1006428995,event
1005129206,3BE90DF61C50C2AE617FD6DE,11000,testing2690@tiket.com,1006428998,event
1005129207,3BE90DF722727B0F617FD6DE,11000,testing1312@tiket.com,1006428999,event
1005129209,3BE90DF931C2FD5B617FD6DF,11000,testing1733@tiket.com,1006429002,event
1005129210,3BE90DFA2A30ED05617FD6DF,11000,testing2695@tiket.com,1006429003,event
1005129211,3BE90DFB22FEA9EE617FD6E0,11000,testing1593@tiket.com,1006429004,event
1005129212,3BE90DFC1F3AD24617FD6E1,11000,testing415@tiket.com,1006429005,event
1005129213,3BE90DFD1EED0A46617FD6E1,11000,testing161@tiket.com,1006429006,event
1005129215,3BE90DFF25E27391617FD6E2,11000,testing1040@tiket.com,1006429008,event
1005129216,3BE90E002819C000617FD6E2,11000,testing2730@tiket.com,1006429009,event
1005129217,3BE90E0116FFC073617FD6E3,11000,testing2254@tiket.com,1006429010,event
1005129218,3BE90E02C5B6201617FD6E3,11000,testing2715@tiket.com,1006429011,event
1005129219,3BE90E0361769A3617FD6E3,11000,testing2795@tiket.com,1006429012,event
1005129220,3BE90E042ACBBBE617FD6E4,11000,testing2196@tiket.com,1006429013,event
1005129221,3BE90E0534EABEA4617FD6E4,11000,testing1858@tiket.com,1006429014,event
1005129222,3BE90E062BEAAF40617FD6E5,11000,testing957@tiket.com,1006429015,event
1005129223,3BE90E0726BD264E617FD6E5,11000,testing1868@tiket.com,1006429016,event
1005129224,3BE90E0834B95CF6617FD6E6,11000,testing571@tiket.com,1006429017,event
1005129225,3BE90E0916A59482617FD6E6,11000,testing2327@tiket.com,1006429018,event
1005129228,3BE90E0C3F72E22617FD6E7,11000,testing367@tiket.com,1006429021,event
1005129229,3BE90E0D356A0D2D617FD6E7,11000,testing1727@tiket.com,1006429022,event
1005129230,3BE90E0E2C4B2A67617FD6E8,11000,testing1133@tiket.com,1006429023,event
1005129231,3BE90E0F27369141617FD6E8,11000,testing1318@tiket.com,1006429024,event
1005129232,3BE90E101F7D18F9617FD6E9,11000,testing2576@tiket.com,1006429025,event
1005129233,3BE90E11A2F9393617FD6E9,11000,testing1156@tiket.com,1006429026,event
1005129234,3BE90E1237E01BC617FD6EA,11000,testing787@tiket.com,1006429027,event
1005129235,3BE90E13ADDE24E617FD6EA,11000,testing528@tiket.com,1006429028,event
1005129236,3BE90E1427C30B6617FD6EB,11000,testing2783@tiket.com,1006429029,event
1005129237,3BE90E15F8CA5C4617FD6EC,11000,testing2594@tiket.com,1006429030,event
1005129238,3BE90E16314431C5617FD6EC,11000,testing1397@tiket.com,1006429031,event
1005129239,3BE90E172AFF13D6617FD6ED,11000,testing1325@tiket.com,1006429032,event
1005129240,3BE90E181F2268FB617FD6ED,11000,testing1835@tiket.com,1006429033,event
1005129241,3BE90E1918B4E06C617FD6ED,11000,testing2866@tiket.com,1006429034,event
1005129242,3BE90E1A314B2F98617FD6EE,11000,testing2638@tiket.com,1006429035,event
1005129243,3BE90E1BF52A42D617FD6EF,11000,testing2895@tiket.com,1006429036,event
1005129244,3BE90E1C40F3E2F617FD6EF,11000,testing413@tiket.com,1006429037,event
1005129246,3BE90E1E32D83FCE617FD6F0,11000,testing1633@tiket.com,1006429039,event
1005129245,3BE90E1D1AD5695B617FD6F0,11000,testing1566@tiket.com,1006429038,event
1005129248,3BE90E20335E1CAC617FD6F0,11000,testing155@tiket.com,1006429041,event
1005129249,3BE90E21B9A7BA9617FD6F1,11000,testing1986@tiket.com,1006429042,event
1005129251,3BE90E23D165C80617FD6F1,11000,testing1772@tiket.com,1006429045,event
1005129252,3BE90E243386E4FE617FD6F2,11000,testing2715@tiket.com,1006429046,event
1005129253,3BE90E253AFEF485617FD6F2,11000,testing24@tiket.com,1006429047,event
1005129255,3BE90E27E41E7E9617FD6F3,11000,testing2375@tiket.com,1006429049,event
1005129256,3BE90E28771DC4A617FD6F3,11000,testing864@tiket.com,1006429050,event
1005129258,3BE90E2A176AFA55617FD6F4,11000,testing1762@tiket.com,1006429052,event
1005129259,3BE90E2B2E09F3FC617FD6F5,11000,testing968@tiket.com,1006429053,event
1005129260,3BE90E2CAB03108617FD6F5,11000,testing106@tiket.com,1006429054,event
1005129261,3BE90E2DF5221CF617FD6F6,11000,testing271@tiket.com,1006429055,event
1005129262,3BE90E2E36D5D563617FD6F6,11000,testing350@tiket.com,1006429056,event
1005129264,3BE90E30A3B4632617FD6F6,11000,testing186@tiket.com,1006429058,event
1005129265,3BE90E312212B94617FD6F7,11000,testing1518@tiket.com,1006429059,event
1005129266,3BE90E3234FEB116617FD6F7,11000,testing969@tiket.com,1006429060,event
1005129267,3BE90E331338A00B617FD6F9,11000,testing987@tiket.com,1006429061,event
1005129268,3BE90E342F82A432617FD6F9,11000,testing906@tiket.com,1006429062,event
1005129269,3BE90E3511B49A38617FD6F9,11000,testing186@tiket.com,1006429063,event
1005129270,3BE90E361A608E97617FD6F9,11000,testing2173@tiket.com,1006429064,event
1005129271,3BE90E371254BD3F617FD6FA,11000,testing2702@tiket.com,1006429065,event
1005129272,3BE90E38B27C305617FD6FA,11000,testing1918@tiket.com,1006429066,event
1005129273,3BE90E39328F8793617FD6FB,11000,testing1633@tiket.com,1006429067,event
1005129274,3BE90E3A29DED382617FD6FB,11000,testing1747@tiket.com,1006429068,event
1005129275,3BE90E3B85F2AA617FD6FC,11000,testing1474@tiket.com,1006429069,event
1005129276,3BE90E3C28E77820617FD6FC,11000,testing2502@tiket.com,1006429070,event
1005129277,3BE90E3D148D9FF0617FD6FD,11000,testing2272@tiket.com,1006429071,event
1005129280,3BE90E402FA521C4617FD6FE,11000,testing224@tiket.com,1006429074,event
1005129279,3BE90E3F14B48F68617FD6FE,11000,testing2335@tiket.com,1006429073,event
1005129281,3BE90E413086A008617FD6FF,11000,testing2704@tiket.com,1006429075,event
1005129282,3BE90E421BA5505D617FD6FF,11000,testing1729@tiket.com,1006429076,event
1005129283,3BE90E431508A36D617FD6FF,11000,testing1863@tiket.com,1006429077,event
1005129284,3BE90E441DE641AE617FD700,11000,testing1496@tiket.com,1006429078,event
1005129285,3BE90E45364D3150617FD700,11000,testing2868@tiket.com,1006429079,event
1005129286,3BE90E462B531478617FD701,11000,testing135@tiket.com,1006429080,event
1005129287,3BE90E47254541CD617FD701,11000,testing2629@tiket.com,1006429081,event
1005129288,3BE90E482C12F16617FD702,11000,testing1169@tiket.com,1006429082,event
1005129289,3BE90E4935392A4B617FD703,11000,testing1882@tiket.com,1006429083,event
1005129290,3BE90E4A10A9E3D2617FD703,11000,testing2630@tiket.com,1006429084,event
1005129291,3BE90E4B19CFF9D7617FD704,11000,testing1814@tiket.com,1006429085,event
1005129292,3BE90E4C798065F617FD704,11000,testing1942@tiket.com,1006429086,event
1005129293,3BE90E4D8FDB18F617FD704,11000,testing1680@tiket.com,1006429087,event
1005129294,3BE90E4E3B7FF459617FD705,11000,testing400@tiket.com,1006429088,event
1005129296,3BE90E5034B74A8D617FD706,11000,testing2378@tiket.com,1006429090,event
1005129297,3BE90E5119FB2E1D617FD706,11000,testing2184@tiket.com,1006429091,event
1005129298,3BE90E52295C212617FD706,11000,testing1806@tiket.com,1006429092,event
1005129300,3BE90E5413D22339617FD707,11000,testing629@tiket.com,1006429095,event
1005129301,3BE90E5584FEF69617FD707,11000,testing1830@tiket.com,1006429096,event
1005129302,3BE90E5676E9735617FD708,11000,testing2068@tiket.com,1006429097,event
1005129304,3BE90E5812274F04617FD708,11000,testing954@tiket.com,1006429100,event
1005129305,3BE90E5937081706617FD709,11000,testing159@tiket.com,1006429101,event
1005129306,3BE90E5A2C24C23617FD709,11000,testing2613@tiket.com,1006429102,event
1005129308,3BE90E5C11C5FDEA617FD70A,11000,testing2201@tiket.com,1006429105,event
1005129310,3BE90E5E26CB8349617FD70B,11000,testing1993@tiket.com,1006429107,event
1005129311,3BE90E5F2A798360617FD70B,11000,testing568@tiket.com,1006429108,event
1005129312,3BE90E601354D610617FD70B,11000,testing2708@tiket.com,1006429109,event
1005129313,3BE90E61AB0F71B617FD70C,11000,testing2938@tiket.com,1006429110,event
1005129314,3BE90E6214CDE0D8617FD70D,11000,testing322@tiket.com,1006429111,event
1005129315,3BE90E63326C202617FD70D,11000,testing2331@tiket.com,1006429112,event
1005129316,3BE90E64320A66C7617FD70D,11000,testing1963@tiket.com,1006429113,event
1005129318,3BE90E664848EA7617FD70E,11000,testing1499@tiket.com,1006429116,event
1005129319,3BE90E67B70717F617FD70F,11000,testing2553@tiket.com,1006429117,event
1005129320,3BE90E68133112FA617FD70F,11000,testing2972@tiket.com,1006429118,event
1005129321,3BE90E693379761F617FD710,11000,testing78@tiket.com,1006429119,event
1005129322,3BE90E6A25B10733617FD710,11000,testing1255@tiket.com,1006429120,event
1005129323,3BE90E6B1EB4441F617FD710,11000,testing308@tiket.com,1006429121,event
1005129325,3BE90E6D1455341617FD711,11000,testing960@tiket.com,1006429124,event
1005129327,3BE90E6F323938AC617FD711,11000,testing2667@tiket.com,1006429127,event
1005129328,3BE90E7034547D44617FD712,11000,testing1995@tiket.com,1006429128,event
1005129329,3BE90E7110D428F8617FD713,11000,testing1456@tiket.com,1006429129,event
1005129330,3BE90E72351FD67B617FD713,11000,testing2005@tiket.com,1006429130,event
1005129331,3BE90E73201C5584617FD713,11000,testing1908@tiket.com,1006429131,event
1005129332,3BE90E74169501DE617FD714,11000,testing2801@tiket.com,1006429132,event
1005129333,3BE90E751037B46C617FD714,11000,testing883@tiket.com,1006429133,event
1005129334,3BE90E7612D2BF89617FD715,11000,testing125@tiket.com,1006429134,event
1005129335,3BE90E77FE1297C617FD716,11000,testing2078@tiket.com,1006429135,event
1005129336,3BE90E7819E8958F617FD716,11000,testing2442@tiket.com,1006429136,event
1005129337,3BE90E7932513257617FD717,11000,testing2013@tiket.com,1006429137,event
1005129338,3BE90E7A1A6CC223617FD717,11000,testing1909@tiket.com,1006429138,event
1005129340,3BE90E7C367D5586617FD717,11000,testing642@tiket.com,1006429142,event
1005129342,3BE90E7EB4AE7DD617FD718,11000,testing494@tiket.com,1006429144,event
1005129344,3BE90E801C41D20E617FD718,11000,testing1073@tiket.com,1006429147,event
1005129345,3BE90E8112D97906617FD719,11000,testing2185@tiket.com,1006429148,event
1005129346,3BE90E823B8A2833617FD719,11000,testing2613@tiket.com,1006429149,event
1005129347,3BE90E83422D3B0617FD71A,11000,testing96@tiket.com,1006429150,event
1005129348,3BE90E843B89907C617FD71B,11000,testing1768@tiket.com,1006429151,event
1005129349,3BE90E8554F1C2F617FD71B,11000,testing2071@tiket.com,1006429152,event
1005129350,3BE90E8695489FA617FD71C,11000,testing2483@tiket.com,1006429153,event
1005129351,3BE90E8732318CA6617FD71C,11000,testing79@tiket.com,1006429154,event
1005129352,3BE90E882E197486617FD71D,11000,testing1051@tiket.com,1006429155,event
1005129353,3BE90E891F73A8D0617FD71D,11000,testing1078@tiket.com,1006429156,event
1005129354,3BE90E8AD24210F617FD71D,11000,testing354@tiket.com,1006429157,event
1005129355,3BE90E8B5B8CC53617FD71E,11000,testing2563@tiket.com,1006429158,event
1005129356,3BE90E8C3B45770E617FD71E,11000,testing1434@tiket.com,1006429159,event
1005129357,3BE90E8D37709951617FD71F,11000,testing2145@tiket.com,1006429160,event
1005129358,3BE90E8E1EC2C136617FD71F,11000,testing2951@tiket.com,1006429161,event
1005129359,3BE90E8F25793216617FD720,11000,testing1916@tiket.com,1006429162,event
1005129361,3BE90E919D83168617FD721,11000,testing1065@tiket.com,1006429165,event
1005129362,3BE90E922CFCDD73617FD721,11000,testing2193@tiket.com,1006429166,event
1005129363,3BE90E931823C858617FD721,11000,testing1680@tiket.com,1006429167,event
1005129364,3BE90E9430EEA536617FD722,11000,testing1339@tiket.com,1006429168,event
1005129365,3BE90E95185041C2617FD722,11000,testing976@tiket.com,1006429169,event
1005129367,3BE90E9718F00611617FD723,11000,testing1106@tiket.com,1006429171,event
1005129368,3BE90E9820E508A7617FD723,11000,testing1330@tiket.com,1006429172,event
1005129370,3BE90E9A2F80B9F7617FD724,11000,testing2052@tiket.com,1006429173,event
1005129371,3BE90E9B7302BB1617FD725,11000,testing1313@tiket.com,1006429175,event
1005129372,3BE90E9C1F45457C617FD725,11000,testing2940@tiket.com,1006429176,event
1005129373,3BE90E9D18A6E136617FD725,11000,testing416@tiket.com,1006429177,event
1005129374,3BE90E9E11AA4985617FD726,11000,testing609@tiket.com,1006429178,event
1005129376,3BE90EA021DB8196617FD726,11000,testing37@tiket.com,1006429180,event
1005129377,3BE90EA11F9CA575617FD727,11000,testing858@tiket.com,1006429181,event
1005129378,3BE90EA222CFEDA2617FD728,11000,testing26@tiket.com,1006429182,event
1005129379,3BE90EA3AB128C7617FD728,11000,testing1569@tiket.com,1006429183,event
1005129381,3BE90EA51A4B9CCD617FD728,11000,testing1607@tiket.com,1006429186,event
1005129382,3BE90EA613740251617FD729,11000,testing1150@tiket.com,1006429187,event
1005129383,3BE90EA7113C7918617FD72A,11000,testing810@tiket.com,1006429188,event
1005129384,3BE90EA814EC54F5617FD72A,11000,testing2774@tiket.com,1006429189,event
1005129386,3BE90EAA27FF8DEE617FD72B,11000,testing769@tiket.com,1006429192,event
1005129387,3BE90EAB100A2769617FD72B,11000,testing1562@tiket.com,1006429193,event
1005129388,3BE90EAC2327E23A617FD72C,11000,testing885@tiket.com,1006429194,event
1005129389,3BE90EAD3AD901DA617FD72C,11000,testing1620@tiket.com,1006429195,event
1005129390,3BE90EAEF8DCDD5617FD72D,11000,testing1519@tiket.com,1006429196,event
1005129391,3BE90EAF323DFA81617FD72D,11000,testing1020@tiket.com,1006429197,event
1005129392,3BE90EB024E3E538617FD72D,11000,testing696@tiket.com,1006429198,event
1005129394,3BE90EB2170B2532617FD72E,11000,testing1430@tiket.com,1006429200,event
1005129395,3BE90EB33918CC2F617FD72F,11000,testing2462@tiket.com,1006429201,event
1005129396,3BE90EB44103E3D617FD72F,11000,testing1248@tiket.com,1006429202,event
1005129397,3BE90EB545DE9B7617FD730,11000,testing203@tiket.com,1006429203,event
1005129398,3BE90EB61CE060D4617FD730,11000,testing9@tiket.com,1006429204,event
1005129399,3BE90EB71FFBBE7617FD730,11000,testing1632@tiket.com,1006429205,event
1005129400,3BE90EB88B1216C617FD731,11000,testing488@tiket.com,1006429206,event
1005129402,3BE90EBA29FAC1B6617FD732,11000,testing2911@tiket.com,1006429209,event
1005129403,3BE90EBB11C0514E617FD732,11000,testing879@tiket.com,1006429210,event
1005129404,3BE90EBC13B1CD7E617FD733,11000,testing1629@tiket.com,1006429211,event
1005129405,3BE90EBD19527EF617FD733,11000,testing430@tiket.com,1006429212,event
1005129406,3BE90EBE25D8806617FD734,11000,testing2818@tiket.com,1006429213,event
1005129407,3BE90EBF34C69773617FD734,11000,testing1954@tiket.com,1006429214,event
1005129408,3BE90EC027A7F9B0617FD734,11000,testing2709@tiket.com,1006429215,event
1005129409,3BE90EC123174287617FD735,11000,testing1999@tiket.com,1006429216,event
1005129411,3BE90EC330336502617FD735,11000,testing2148@tiket.com,1006429219,event
1005129412,3BE90EC429879E52617FD736,11000,testing1936@tiket.com,1006429220,event
1005129413,3BE90EC5244ED197617FD737,11000,testing1485@tiket.com,1006429221,event
1005129414,3BE90EC61A72CBDE617FD737,11000,testing620@tiket.com,1006429222,event
1005129415,3BE90EC713FC996B617FD737,11000,testing2400@tiket.com,1006429223,event
1005129416,3BE90EC8D56E2DF617FD738,11000,testing440@tiket.com,1006429224,event
1005129417,3BE90EC94AE0F7E617FD738,11000,testing1053@tiket.com,1006429225,event
1005129418,3BE90ECA3A9F746E617FD739,11000,testing2562@tiket.com,1006429226,event
1005129419,3BE90ECB33CBC2CA617FD739,11000,testing2073@tiket.com,1006429227,event
1005129421,3BE90ECD21ED0554617FD73A,11000,testing1121@tiket.com,1006429229,event
1005129420,3BE90ECC173C3C8617FD73A,11000,testing1244@tiket.com,1006429228,event
1005129423,3BE90ECF39A05A8B617FD73B,11000,testing2930@tiket.com,1006429231,event
1005129424,3BE90ED01FF95E41617FD73B,11000,testing1729@tiket.com,1006429232,event
1005129425,3BE90ED128DF4C92617FD73C,11000,testing1506@tiket.com,1006429233,event
1005129426,3BE90ED21ED32596617FD73C,11000,testing2763@tiket.com,1006429234,event
1005129427,3BE90ED3181DCA06617FD73D,11000,testing2980@tiket.com,1006429235,event
1005129428,3BE90ED414A481EE617FD73E,11000,testing2887@tiket.com,1006429236,event
1005129429,3BE90ED526D8BEE3617FD73E,11000,testing1852@tiket.com,1006429237,event
1005129430,3BE90ED6170D73B7617FD73F,11000,testing1982@tiket.com,1006429238,event
1005129431,3BE90ED736B44446617FD73F,11000,testing231@tiket.com,1006429239,event
1005129434,3BE90EDA1E3F318F617FD73F,11000,testing2507@tiket.com,1006429245,event
1005129437,3BE90EDD945DBAD617FD741,11000,testing1044@tiket.com,1006429249,event
1005129438,3BE90EDE220CD344617FD741,11000,testing934@tiket.com,1006429250,event
1005129439,3BE90EDF5E08676617FD741,11000,testing1856@tiket.com,1006429251,event
1005129440,3BE90EE01137A1D617FD742,11000,testing2921@tiket.com,1006429252,event
1005129441,3BE90EE12936F27F617FD742,11000,testing2494@tiket.com,1006429253,event
1005129442,3BE90EE231FFA2D9617FD743,11000,testing2031@tiket.com,1006429254,event
1005129444,3BE90EE435DE210D617FD743,11000,testing1880@tiket.com,1006429257,event
1005129446,3BE90EE6870D8B0617FD744,11000,testing336@tiket.com,1006429260,event
1005129447,3BE90EE73A7F03DA617FD744,11000,testing1105@tiket.com,1006429261,event
1005129448,3BE90EE831B3EA8F617FD744,11000,testing2307@tiket.com,1006429262,event
1005129449,3BE90EE9302BDEB1617FD745,11000,testing1703@tiket.com,1006429263,event
1005129450,3BE90EEA280B162B617FD746,11000,testing1119@tiket.com,1006429264,event
1005129451,3BE90EEB1AFDFD97617FD746,11000,testing852@tiket.com,1006429265,event
1005129452,3BE90EEC156D8EB6617FD746,11000,testing643@tiket.com,1006429266,event
1005129453,3BE90EEDCC5884A617FD747,11000,testing2777@tiket.com,1006429267,event
1005129454,3BE90EEE396B3E07617FD747,11000,testing679@tiket.com,1006429268,event
1005129455,3BE90EEF2C79C835617FD748,11000,testing2355@tiket.com,1006429269,event
1005129456,3BE90EF0251C0CD3617FD748,11000,testing1119@tiket.com,1006429270,event
1005129457,3BE90EF12C3410D4617FD749,11000,testing1542@tiket.com,1006429271,event
1005129459,3BE90EF31CC3068617FD74A,11000,testing2593@tiket.com,1006429274,event
1005129460,3BE90EF433FF53FC617FD74A,11000,testing661@tiket.com,1006429275,event
1005129463,3BE90EF72100CE01617FD74B,11000,testing741@tiket.com,1006429280,event
1005129464,3BE90EF820EB5877617FD74B,11000,testing438@tiket.com,1006429281,event
1005129465,3BE90EF9F3F1B7B617FD74B,11000,testing434@tiket.com,1006429282,event
1005129466,3BE90EFA18DEEFB6617FD74C,11000,testing96@tiket.com,1006429283,event
1005129467,3BE90EFBE800F4C617FD74D,11000,testing1879@tiket.com,1006429284,event
1005129468,3BE90EFC3761335C617FD74D,11000,testing501@tiket.com,1006429285,event
1005129469,3BE90EFD2EACD614617FD74D,11000,testing2035@tiket.com,1006429286,event
1005129470,3BE90EFE2816B79A617FD74E,11000,testing2386@tiket.com,1006429287,event
1005129471,3BE90EFF200E17E6617FD74E,11000,testing700@tiket.com,1006429288,event
1005129472,3BE90F00115C5E20617FD750,11000,testing1833@tiket.com,1006429289,event
1005129473,3BE90F01310E646C617FD750,11000,testing1761@tiket.com,1006429290,event
1005129475,3BE90F0330A49288617FD750,11000,testing2899@tiket.com,1006429292,event
1005129474,3BE90F0217F0553C617FD750,11000,testing1850@tiket.com,1006429291,event
1005129476,3BE90F042BF8BC5F617FD751,11000,testing1244@tiket.com,1006429293,event
1005129477,3BE90F05139F1486617FD752,11000,testing558@tiket.com,1006429294,event
1005129479,3BE90F0714871F2E617FD752,11000,testing2779@tiket.com,1006429296,event
1005129478,3BE90F0633CFB7BD617FD752,11000,testing515@tiket.com,1006429295,event
1005129480,3BE90F081B770E91617FD753,11000,testing1970@tiket.com,1006429297,event
1005129481,3BE90F0914992D67617FD753,11000,testing2216@tiket.com,1006429298,event
1005129482,3BE90F0AC0E898C617FD754,11000,testing2652@tiket.com,1006429299,event
1005129483,3BE90F0B3939D09617FD754,11000,testing1081@tiket.com,1006429300,event
1005129484,3BE90F0C3A08703E617FD755,11000,testing2210@tiket.com,1006429301,event
1005129485,3BE90F0D32AEBDEB617FD755,11000,testing2788@tiket.com,1006429302,event
1005129486,3BE90F0E2C92654B617FD756,11000,testing1531@tiket.com,1006429303,event